id,text,target_issue,boost_score,tags,arousal_score,strategy,embedding
1,Break big goals into 25-minute chunks and use a pomodoro timer to take the first step.,Academic_Stress,0.9,"planning,cognitive",0.2,cognitive,0.000000 0.000000 0.000000 0.000000 0.000000 0.000000 0.000000 0.000000 0.000000 0.000000 0.000000 0.000000 0.000000 0.000000 0.000000 0.000000 0.047619 -0.047619 0.000000 0.047619 0.000000 0.000000 0.000000 0.000000 0.000000 0.000000 0.000000 -0.142857 0.000000 0.000000 -0.380952 0.000000 0.000000 -0.047619 0.000000 0.000000 0.000000 0.000000 0.000000 0.000000 -0.047619 0.000000 0.000000 0.000000 0.000000 0.047619 0.000000 0.000000 0.000000 -0.095238 0.000000 0.047619 0.000000 0.000000 0.095238 0.000000 0.000000 0.000000 0.000000 0.000000 0.000000 0.000000 0.000000 0.000000 0.000000 0.000000 0.095238 -0.047619 0.000000 0.000000 0.000000 0.000000 0.000000 0.000000 0.000000 0.000000 0.476190 0.000000 0.000000 0.000000 0.000000 0.047619 0.000000 0.000000 0.000000 0.000000 -0.047619 0.000000 0.000000 0.000000 0.000000 0.000000 0.000000 0.000000 0.000000 0.000000 0.000000 -0.238095 0.000000 0.000000 0.000000 0.000000 0.000000 0.000000 -0.047619 0.000000 0.000000 -0.047619 0.000000 0.047619 -0.047619 0.000000 0.000000 0.000000 0.000000 0.000000 0.000000 0.000000 0.000000 0.000000 0.000000 0.000000 0.000000 0.000000 0.047619 -0.047619 -0.047619 0.000000 0.000000 0.000000 0.000000 0.095238 0.000000 0.000000 -0.047619 0.000000 -0.047619 0.000000 0.000000 0.000000 0.000000 0.000000 0.000000 0.000000 0.000000 -0.095238 0.000000 0.095238 0.000000 0.000000 0.000000 0.000000 0.000000 0.000000 0.000000 0.000000 0.000000 -0.047619 0.000000 0.000000 0.047619 0.000000 0.000000 0.000000 0.000000 0.000000 0.000000 0.047619 0.000000 0.000000 0.000000 0.000000 0.000000 0.000000 0.000000 0.000000 0.000000 -0.047619 -0.333333 0.000000 -0.238095 0.047619 0.000000 0.000000 0.000000 0.000000 0.000000 -0.047619 0.000000 0.000000 0.000000 0.000000 0.000000 0.238095 0.000000 0.047619 0.047619 0.000000 0.000000 0.000000 0.000000 0.000000 0.000000 0.000000 0.047619 0.000000 0.000000 0.000000 0.000000 0.000000 0.000000 0.000000 0.000000 -0.047619 -0.047619 0.000000 0.000000 0.000000 0.000000 0.000000 0.000000 -0.095238 0.000000 -0.095238 -0.047619 -0.095238 0.000000 0.000000 0.000000 0.000000 0.000000 0.000000 0.000000 0.000000 0.000000 0.000000 0.047619 0.000000 0.000000 0.000000 0.000000 0.000000 0.000000 0.142857 0.000000 0.000000 0.000000 0.000000 0.000000 0.047619 -0.095238 0.000000 0.000000 0.000000 0.000000 0.000000 0.000000 0.000000 0.000000 0.000000 0.000000 0.000000 0.000000 -0.047619 0.000000 -0.047619 0.000000 0.000000 0.000000 0.000000 0.000000 0.095238 0.000000 0.000000 0.000000 0.000000 0.000000 0.000000 0.000000 0.000000 0.000000 0.000000 0.000000 -0.047619 0.142857 -0.047619 0.000000 0.000000 0.000000 0.238095 0.000000 0.000000 -0.095238 0.000000 0.000000 0.000000 0.000000 0.000000 0.000000 0.000000 -0.047619 0.000000 0.000000 0.000000 0.000000 0.000000 0.000000 0.047619 0.000000 0.000000 -0.047619 0.000000 0.000000 0.000000 0.000000 0.000000 -0.047619 0.000000 0.000000 -0.047619 0.000000 0.047619 0.000000 0.047619 0.000000 0.000000 0.000000 0.000000 0.000000 0.000000 0.000000 0.000000 0.000000 0.000000 0.000000 0.000000 -0.047619 0.000000 0.000000 0.000000 0.047619 0.000000 0.000000 0.000000 0.000000 0.000000 0.000000 0.000000 0.000000 0.000000 0.000000 0.000000 0.000000 0.000000 0.000000 0.000000 0.000000 -0.047619 0.000000 -0.047619 0.000000 -0.047619 0.000000 0.000000 0.000000 0.000000 0.000000 0.000000 0.000000 0.000000 -0.047619 0.000000 0.000000 0.000000 0.000000 0.000000 0.000000 0.000000 0.000000 0.000000 -0.047619 0.000000 -0.047619 -0.047619
2,Pulling an all-nighter before the exam is never worth it — seven hours of sleep is the real foundation of focus.,Academic_Stress,0.8,"sleep,lifestyle",0.1,lifestyle,0.000000 0.000000 0.000000 0.035202 0.000000 0.000000 0.000000 0.000000 0.000000 0.000000 0.000000 0.035202 0.000000 0.000000 0.000000 0.000000 0.105605 0.000000 0.000000 0.000000 0.000000 0.000000 0.000000 0.000000 0.000000 0.000000 0.000000 -0.035202 0.000000 0.000000 -0.211210 0.000000 0.000000 0.000000 0.000000 0.000000 0.000000 0.000000 0.000000 0.000000 0.000000 -0.035202 0.035202 0.000000 0.000000 0.035202 0.000000 0.035202 0.000000 -0.211210 0.000000 0.176008 0.000000 0.000000 0.000000 0.000000 0.000000 0.000000 0.000000 0.000000 0.000000 0.000000 0.000000 0.000000 0.000000 0.000000 0.035202 -0.035202 0.000000 0.000000 0.000000 0.035202 0.000000 0.000000 0.000000 0.000000 0.528025 0.000000 0.000000 0.000000 0.000000 0.035202 0.000000 0.000000 0.000000 0.000000 -0.035202 0.000000 0.000000 0.000000 0.000000 0.000000 -0.035202 0.000000 0.000000 0.000000 0.035202 -0.176008 0.000000 0.000000 0.000000 0.000000 0.000000 0.000000 -0.035202 0.000000 0.000000 0.000000 0.000000 -0.035202 -0.035202 0.000000 0.035202 0.000000 -0.105605 0.000000 0.000000 0.000000 0.000000 0.000000 0.070403 0.000000 0.000000 0.035202 0.035202 -0.035202 0.000000 0.000000 0.000000 0.000000 0.000000 0.000000 0.000000 0.000000 0.000000 0.000000 -0.035202 0.000000 0.000000 0.000000 0.035202 -0.035202 0.000000 0.000000 0.000000 -0.176008 0.000000 0.000000 0.000000 0.000000 0.000000 0.000000 0.000000 0.000000 0.000000 0.000000 0.000000 0.000000 0.000000 0.000000 0.000000 0.000000 0.000000 0.000000 0.000000 0.000000 0.000000 0.035202 0.000000 0.000000 0.000000 0.000000 0.000000 0.000000 0.000000 0.000000 0.000000 0.035202 -0.457622 0.000000 -0.211210 0.070403 0.000000 0.000000 0.000000 0.000000 0.000000 0.000000 0.000000 0.000000 0.000000 0.000000 0.000000 0.211210 0.000000 0.000000 0.000000 0.000000 -0.035202 0.000000 0.000000 0.000000 0.000000 0.000000 0.035202 -0.035202 0.000000 0.000000 0.000000 0.000000 0.000000 0.000000 0.000000 0.000000 0.000000 0.000000 -0.070403 0.000000 0.000000 0.000000 0.035202 -0.070403 0.000000 -0.035202 0.000000 -0.035202 0.000000 0.000000 0.000000 0.000000 0.000000 0.000000 0.035202 0.070403 0.000000 0.000000 0.000000 0.000000 0.000000 0.000000 0.000000 0.000000 0.000000 -0.035202 0.000000 0.000000 0.000000 0.000000 0.000000 0.000000 -0.070403 0.035202 0.000000 0.000000 0.000000 0.070403 0.000000 0.000000 0.035202 0.000000 0.000000 0.000000 0.000000 -0.035202 0.000000 0.000000 -0.035202 0.000000 0.070403 0.000000 0.000000 0.035202 0.000000 0.000000 0.000000 0.000000 0.000000 0.000000 0.000000 0.000000 0.000000 0.000000 0.000000 -0.070403 0.035202 -0.035202 0.000000 0.000000 0.000000 0.246412 0.035202 0.000000 -0.070403 0.000000 0.035202 0.000000 0.000000 0.000000 0.000000 0.000000 0.000000 0.000000 0.000000 0.000000 0.000000 -0.035202 0.000000 0.035202 0.000000 -0.035202 0.000000 0.000000 0.000000 0.000000 0.000000 0.000000 0.000000 0.000000 0.000000 0.000000 0.000000 0.000000 0.000000 0.035202 0.000000 0.000000 0.035202 0.000000 0.000000 0.000000 0.000000 0.000000 0.000000 0.000000 0.000000 -0.035202 0.035202 0.000000 0.000000 0.000000 0.000000 0.000000 0.000000 0.035202 0.000000 -0.035202 0.000000 0.000000 0.000000 0.000000 0.000000 0.000000 0.000000 0.000000 0.000000 0.000000 -0.070403 -0.070403 0.000000 -0.176008 0.000000 0.000000 0.000000 0.000000 0.000000 0.000000 0.000000 0.000000 0.000000 0.000000 0.000000 0.000000 0.000000 0.000000 -0.035202 0.000000 0.000000 0.000000 0.000000 0.000000 0.000000 0.000000 0.035202 0.000000
3,"Everyone else studies twelve hours a day — if you don't grind harder, you're already behind.",Academic_Stress,0.1,"comparison,fast_paced",0.7,cognitive,0.000000 -0.083406 0.041703 0.000000 0.000000 -0.083406 0.000000 0.000000 0.000000 0.000000 0.000000 0.000000 0.000000 0.000000 0.000000 0.041703 0.083406 0.000000 0.000000 0.000000 -0.083406 0.000000 0.000000 0.000000 0.000000 0.000000 0.000000 0.000000 0.000000 0.000000 -0.125109 0.000000 0.000000 -0.041703 0.000000 0.041703 0.000000 0.000000 0.000000 0.000000 0.000000 -0.041703 0.083406 0.000000 0.000000 0.250217 0.000000 0.041703 0.000000 -0.291920 0.000000 0.125109 0.000000 0.000000 0.000000 0.000000 0.000000 0.000000 0.000000 0.000000 0.000000 0.000000 0.000000 0.000000 0.000000 0.000000 -0.041703 0.000000 0.000000 0.000000 0.000000 0.000000 0.000000 -0.041703 0.000000 0.000000 0.375326 0.000000 0.000000 0.000000 0.000000 0.041703 0.000000 0.000000 0.000000 0.000000 0.000000 0.000000 0.000000 0.000000 0.041703 0.000000 0.000000 0.000000 0.000000 0.000000 0.000000 -0.208514 0.000000 0.041703 0.000000 0.000000 0.000000 0.000000 0.000000 0.000000 0.000000 -0.041703 0.000000 0.000000 0.000000 0.000000 0.000000 0.000000 0.000000 0.000000 0.000000 0.000000 0.000000 0.000000 0.000000 0.000000 0.000000 0.041703 -0.041703 0.000000 0.000000 0.000000 0.000000 0.000000 0.000000 0.000000 0.000000 0.000000 0.000000 0.000000 0.000000 0.000000 0.000000 0.000000 -0.041703 0.000000 0.000000 0.000000 0.000000 -0.166812 0.000000 0.000000 0.000000 0.000000 0.000000 0.000000 0.000000 0.000000 -0.041703 0.000000 0.000000 0.000000 0.000000 0.000000 0.000000 0.000000 0.000000 0.000000 0.000000 0.000000 -0.041703 0.000000 0.000000 0.000000 0.000000 0.000000 0.000000 0.000000 0.000000 0.000000 0.000000 0.000000 -0.500435 0.000000 -0.166812 0.083406 0.000000 0.000000 0.000000 0.000000 0.000000 -0.125109 0.000000 0.000000 0.083406 0.000000 0.000000 0.166812 0.000000 0.000000 0.000000 0.000000 0.000000 0.000000 0.000000 0.000000 0.000000 0.000000 -0.041703 0.000000 0.000000 0.000000 0.000000 -0.125109 0.000000 0.041703 0.000000 0.000000 0.000000 0.000000 -0.041703 0.000000 0.000000 0.000000 0.000000 -0.041703 0.000000 -0.083406 0.000000 -0.041703 0.000000 0.000000 0.000000 0.000000 0.000000 0.000000 0.041703 0.000000 0.000000 0.000000 0.000000 0.000000 0.000000 -0.041703 0.000000 0.000000 0.000000 0.000000 0.000000 0.000000 0.000000 0.000000 0.000000 0.000000 0.000000 0.000000 0.000000 -0.041703 0.000000 0.000000 0.041703 0.000000 0.041703 0.000000 0.000000 0.000000 0.000000 0.000000 0.000000 0.000000 0.000000 0.000000 0.125109 -0.041703 0.000000 0.041703 0.000000 0.000000 0.000000 -0.041703 0.000000 0.000000 0.000000 0.000000 0.000000 0.000000 0.000000 0.000000 0.083406 -0.041703 -0.041703 0.000000 0.000000 0.208514 0.000000 0.000000 0.000000 0.000000 0.000000 0.000000 0.000000 0.000000 0.000000 0.000000 0.000000 0.000000 0.000000 0.000000 0.000000 0.000000 0.000000 0.000000 0.000000 -0.041703 -0.041703 0.000000 0.000000 -0.041703 0.000000 0.000000 -0.041703 0.000000 0.000000 -0.041703 0.000000 0.041703 0.000000 0.000000 0.000000 -0.083406 0.041703 0.000000 0.000000 0.083406 0.000000 0.000000 0.000000 0.000000 0.000000 0.000000 0.083406 0.000000 0.000000 0.000000 0.000000 0.000000 0.000000 0.000000 0.000000 0.000000 0.000000 0.000000 0.000000 -0.208514 0.000000 0.000000 0.000000 0.000000 0.000000 0.000000 0.000000 -0.041703 0.000000 -0.041703 0.000000 0.000000 0.000000 0.000000 0.000000 0.000000 0.000000 0.000000 0.000000 0.041703 0.000000 0.041703 0.000000 0.000000 -0.083406 0.000000 0.000000 0.000000 0.041703 0.000000 0.000000 0.000000 0.041703 0.000000
4,Spend ten minutes each day writing down three small things that brought you peace.,Appearance_Anxiety,0.9,"mindfulness,relaxation",0.2,relaxation,0.000000 0.000000 0.000000 0.000000 0.000000 0.000000 0.000000 0.000000 0.000000 0.049088 0.000000 0.000000 0.000000 0.000000 0.000000 0.000000 0.000000 -0.049088 0.000000 0.000000 -0.098176 0.000000 0.000000 0.000000 0.000000 0.000000 0.000000 -0.098176 0.000000 0.000000 -0.392705 0.000000 0.000000 0.000000 0.000000 0.000000 0.000000 -0.049088 0.000000 0.000000 0.000000 0.000000 0.000000 0.000000 0.049088 0.147264 0.000000 0.000000 0.000000 -0.147264 0.000000 0.098176 0.000000 0.000000 0.000000 0.000000 0.000000 0.000000 0.049088 0.000000 0.000000 0.000000 0.000000 0.000000 0.000000 0.000000 0.000000 0.000000 0.000000 0.000000 0.000000 0.000000 0.000000 -0.049088 0.000000 0.049088 0.343616 0.000000 0.000000 0.000000 0.000000 0.000000 0.000000 0.000000 0.000000 0.000000 0.000000 0.000000 0.000000 0.000000 0.000000 0.000000 -0.049088 0.000000 0.000000 0.000000 0.000000 -0.147264 0.000000 0.000000 0.000000 0.000000 0.000000 0.000000 0.000000 0.000000 0.000000 0.000000 0.000000 0.049088 0.000000 0.000000 0.049088 0.000000 -0.049088 0.000000 0.000000 0.000000 0.000000 0.000000 0.049088 0.000000 0.000000 0.000000 0.049088 -0.049088 0.000000 0.000000 0.000000 0.000000 0.000000 0.049088 0.000000 0.000000 0.000000 0.000000 0.000000 0.000000 0.000000 0.000000 0.000000 -0.098176 0.000000 0.000000 0.000000 -0.245440 0.000000 0.000000 0.000000 0.049088 0.000000 0.000000 0.000000 0.000000 0.000000 0.000000 0.000000 0.000000 0.000000 0.000000 0.000000 0.000000 0.000000 0.000000 0.000000 0.000000 0.000000 0.000000 0.000000 0.000000 0.000000 0.000000 0.000000 0.000000 0.000000 0.000000 0.000000 0.000000 -0.392705 0.000000 -0.196352 0.049088 0.000000 0.000000 0.000000 0.000000 0.000000 0.049088 0.000000 -0.049088 0.000000 0.000000 0.000000 0.196352 0.000000 0.000000 0.049088 0.000000 0.000000 0.000000 0.000000 0.000000 0.000000 0.000000 0.000000 0.000000 0.000000 0.000000 0.000000 -0.049088 0.000000 0.000000 0.000000 0.000000 0.000000 0.049088 0.000000 0.000000 0.000000 0.000000 0.000000 -0.147264 0.000000 -0.147264 0.000000 -0.098176 0.000000 0.000000 0.000000 0.000000 0.000000 0.000000 0.098176 0.000000 0.000000 0.049088 0.000000 -0.049088 0.000000 0.000000 -0.049088 0.000000 0.000000 -0.098176 -0.049088 0.000000 0.000000 0.000000 0.000000 -0.049088 -0.098176 0.000000 0.000000 0.000000 0.000000 0.000000 0.000000 -0.049088 0.049088 0.000000 0.000000 0.000000 0.000000 0.000000 0.000000 0.000000 0.000000 0.000000 0.098176 -0.049088 0.000000 0.049088 0.000000 0.000000 0.000000 -0.049088 0.000000 0.000000 0.000000 0.000000 0.000000 0.000000 0.000000 0.000000 0.147264 -0.049088 0.049088 0.000000 0.000000 0.294528 0.049088 0.000000 0.000000 0.000000 0.000000 0.000000 0.000000 0.000000 0.000000 0.000000 0.000000 0.000000 0.000000 0.000000 0.000000 0.000000 0.000000 0.098176 0.000000 0.000000 0.000000 0.000000 0.000000 0.000000 0.000000 0.000000 0.000000 0.000000 0.000000 -0.049088 0.000000 0.000000 0.000000 0.000000 0.000000 0.000000 0.000000 0.000000 0.000000 0.000000 0.000000 0.000000 0.000000 0.000000 -0.049088 0.000000 -0.049088 0.000000 0.000000 0.000000 0.000000 0.000000 0.000000 0.098176 0.000000 -0.049088 0.000000 0.049088 0.000000 -0.098176 -0.049088 0.000000 0.000000 0.000000 0.000000 0.000000 0.000000 -0.049088 0.000000 0.000000 0.000000 0.000000 0.000000 0.000000 0.000000 0.000000 0.000000 0.000000 0.000000 0.000000 0.000000 0.000000 0.000000 0.000000 -0.049088 0.000000 0.000000 0.000000 0.000000 0.000000 0.000000 0.000000 0.000000 0.000000
5,Try looking in the mirror and seeing a friend instead of a critic.,Appearance_Anxiety,0.85,"self_compassion,cognitive",0.2,cognitive,0.000000 0.000000 0.000000 0.000000 0.000000 -0.055989 0.000000 0.000000 0.000000 0.000000 0.000000 0.000000 0.000000 0.000000 0.000000 0.055989 0.000000 -0.055989 0.000000 0.000000 0.000000 0.000000 0.000000 0.000000 0.000000 0.000000 0.000000 -0.055989 0.000000 0.000000 -0.223957 0.000000 0.000000 -0.055989 0.000000 0.000000 0.000000 0.000000 0.000000 0.000000 0.000000 0.000000 0.000000 0.000000 0.000000 0.167968 0.000000 0.000000 0.000000 -0.335936 0.000000 0.055989 0.000000 0.000000 0.000000 0.000000 0.000000 0.000000 0.000000 0.000000 0.000000 0.000000 0.000000 0.000000 0.000000 0.000000 0.000000 0.055989 0.000000 0.000000 0.000000 0.000000 0.000000 -0.111979 0.000000 0.000000 0.167968 0.000000 0.000000 0.000000 0.000000 0.000000 0.055989 0.000000 0.000000 0.000000 0.000000 0.000000 0.000000 0.000000 0.000000 0.000000 0.000000 0.000000 0.000000 0.000000 0.000000 -0.279946 0.000000 0.000000 0.000000 -0.055989 0.000000 0.000000 -0.111979 0.000000 0.000000 0.000000 0.000000 0.000000 0.000000 0.000000 0.055989 0.000000 0.000000 0.000000 0.000000 0.000000 0.000000 0.000000 0.000000 0.000000 0.000000 -0.055989 0.055989 -0.055989 0.000000 0.000000 0.000000 0.000000 0.000000 0.000000 0.000000 0.000000 0.000000 0.000000 0.000000 0.000000 0.000000 0.000000 0.000000 -0.111979 0.055989 0.000000 0.000000 -0.055989 0.000000 0.000000 0.000000 0.000000 0.000000 0.000000 0.000000 0.000000 -0.055989 0.000000 0.000000 0.000000 0.000000 0.000000 0.000000 0.000000 0.000000 0.000000 0.000000 0.000000 0.000000 0.000000 0.000000 0.000000 0.000000 0.000000 0.000000 0.000000 0.000000 0.000000 0.000000 0.055989 -0.279946 0.000000 -0.111979 0.000000 0.000000 0.000000 0.000000 0.000000 0.000000 0.000000 0.000000 0.000000 0.000000 0.000000 0.000000 0.447914 0.000000 0.000000 0.000000 0.000000 0.000000 0.000000 0.000000 0.000000 0.000000 0.000000 0.000000 0.000000 -0.055989 0.000000 0.000000 0.000000 0.000000 0.000000 0.000000 0.000000 0.000000 0.000000 0.000000 0.000000 0.000000 0.000000 0.000000 -0.111979 0.000000 -0.223957 0.000000 -0.055989 0.000000 0.000000 0.000000 0.000000 0.000000 0.000000 0.000000 0.000000 0.000000 0.000000 0.000000 0.000000 0.000000 0.000000 0.000000 0.000000 0.000000 0.000000 0.000000 0.000000 0.000000 0.000000 0.000000 0.000000 0.000000 0.000000 0.000000 0.000000 0.000000 0.000000 0.000000 0.000000 0.000000 0.000000 0.000000 0.000000 0.000000 0.000000 0.000000 0.000000 0.000000 0.000000 0.000000 0.000000 0.000000 0.000000 0.000000 0.000000 0.000000 0.000000 0.000000 0.000000 0.000000 0.000000 0.000000 0.000000 0.000000 -0.055989 0.111979 -0.055989 0.055989 0.000000 0.000000 0.391925 0.000000 0.000000 -0.055989 0.000000 0.000000 -0.055989 0.000000 0.000000 0.000000 0.000000 -0.055989 0.000000 0.000000 0.000000 0.000000 0.000000 0.000000 0.111979 0.000000 0.000000 0.055989 0.000000 0.000000 0.000000 0.055989 0.000000 0.000000 0.000000 0.055989 -0.055989 0.000000 0.000000 0.000000 0.000000 0.000000 0.000000 0.000000 0.000000 0.000000 0.000000 0.000000 0.000000 0.000000 0.000000 0.000000 0.000000 0.000000 0.000000 0.000000 0.000000 0.000000 0.000000 0.000000 0.055989 0.000000 -0.055989 0.000000 0.000000 0.000000 -0.055989 0.000000 0.000000 0.000000 0.000000 0.000000 0.000000 -0.055989 0.000000 0.000000 -0.111979 0.000000 0.000000 0.000000 0.000000 0.000000 0.000000 0.000000 0.000000 0.000000 0.000000 0.000000 0.000000 0.000000 0.000000 -0.111979 0.000000 0.000000 0.000000 0.000000 0.000000 0.000000 0.000000 0.000000 -0.055989
6,You'll only be liked if you lose weight — anything else is a failure.,Appearance_Anxiety,0.1,"comparison,toxic",0.6,cognitive,0.000000 -0.109930 0.000000 0.000000 0.000000 0.000000 0.000000 0.000000 0.000000 0.000000 0.000000 0.054965 0.000000 0.000000 0.000000 0.054965 0.000000 0.000000 0.000000 0.000000 0.000000 0.000000 0.000000 0.000000 0.000000 0.000000 0.000000 0.000000 0.000000 0.000000 -0.109930 0.000000 0.000000 -0.109930 0.000000 0.000000 0.000000 -0.054965 0.000000 0.000000 0.000000 -0.054965 0.000000 0.000000 0.000000 0.000000 0.000000 0.054965 0.000000 -0.054965 0.000000 0.384755 0.000000 0.000000 0.000000 0.000000 0.000000 0.000000 0.000000 0.000000 0.000000 0.000000 0.000000 0.000000 0.000000 0.000000 0.000000 0.000000 0.000000 0.000000 0.000000 0.000000 -0.054965 0.000000 0.000000 0.054965 0.439720 0.000000 0.000000 0.000000 0.000000 -0.054965 0.109930 0.000000 0.000000 0.000000 0.000000 0.000000 0.000000 0.000000 0.000000 0.000000 0.000000 0.000000 0.000000 0.000000 -0.054965 -0.164895 0.000000 0.054965 0.000000 -0.054965 0.000000 0.000000 -0.109930 0.000000 0.000000 -0.054965 0.000000 0.000000 0.000000 0.000000 0.000000 0.000000 0.000000 0.000000 0.000000 0.000000 0.000000 0.000000 0.054965 0.000000 0.000000 0.054965 0.000000 0.000000 0.000000 0.000000 0.000000 0.000000 0.000000 0.000000 0.000000 0.000000 0.000000 0.000000 0.000000 0.054965 0.000000 0.000000 0.000000 -0.054965 0.000000 0.000000 0.000000 -0.109930 0.000000 0.000000 0.000000 0.000000 0.000000 0.000000 0.000000 0.000000 0.000000 0.000000 0.000000 0.000000 0.000000 0.000000 0.000000 0.000000 0.000000 0.000000 0.000000 0.000000 0.000000 0.000000 0.000000 0.000000 0.000000 0.000000 0.000000 0.000000 0.000000 0.000000 0.000000 0.000000 -0.384755 0.000000 -0.164895 0.054965 0.000000 0.000000 0.000000 0.000000 0.000000 0.000000 0.054965 0.000000 0.000000 0.000000 0.000000 0.329790 0.000000 0.000000 0.000000 0.000000 0.000000 0.000000 0.000000 0.000000 0.054965 0.000000 0.054965 0.000000 0.000000 0.000000 0.000000 -0.109930 0.000000 0.054965 0.000000 0.000000 0.000000 0.000000 0.000000 0.000000 0.000000 0.000000 0.000000 -0.109930 0.000000 -0.054965 0.000000 0.000000 0.000000 0.000000 0.000000 0.000000 0.000000 0.000000 0.054965 0.054965 0.054965 0.054965 0.000000 0.000000 0.000000 0.000000 0.000000 0.000000 0.000000 0.054965 0.000000 0.000000 0.000000 0.000000 0.000000 0.000000 0.000000 0.000000 0.000000 0.000000 0.000000 0.000000 0.054965 0.000000 0.000000 0.000000 0.000000 0.000000 0.000000 0.000000 0.000000 0.054965 0.000000 0.000000 0.109930 0.000000 0.000000 0.054965 0.000000 0.000000 0.000000 0.000000 0.000000 0.000000 0.000000 0.000000 0.000000 0.000000 0.000000 0.000000 0.000000 -0.109930 0.000000 0.000000 0.000000 0.164895 0.054965 0.000000 0.000000 0.000000 0.000000 0.000000 0.000000 0.000000 0.000000 0.000000 0.000000 0.000000 0.000000 0.000000 0.000000 0.000000 0.000000 0.000000 0.000000 0.000000 -0.054965 0.000000 0.000000 0.000000 0.000000 0.000000 0.000000 0.000000 0.109930 0.000000 0.000000 0.054965 0.000000 0.000000 0.000000 0.000000 0.000000 0.000000 0.000000 0.109930 0.000000 0.000000 0.000000 0.000000 0.000000 0.000000 0.054965 0.000000 0.000000 0.054965 0.000000 0.000000 0.000000 0.000000 0.000000 -0.054965 0.000000 0.000000 0.000000 -0.219860 0.000000 0.000000 0.000000 -0.054965 0.000000 0.000000 0.000000 0.000000 0.000000 -0.109930 0.000000 0.000000 0.000000 0.000000 0.000000 0.000000 0.000000 0.000000 0.000000 0.000000 0.000000 0.000000 0.000000 0.000000 0.000000 0.000000 0.000000 0.000000 0.000000 0.000000 0.000000 0.000000 0.000000 0.000000
7,Talk to a friend about what's been weighing on you — being heard is healing in itself.,Interpersonal,0.9,"social,healing",0.2,healing,0.000000 -0.045883 0.000000 0.000000 0.000000 0.000000 0.000000 0.000000 0.000000 0.000000 0.000000 0.000000 0.000000 0.000000 0.000000 0.045883 0.000000 0.000000 0.000000 0.000000 0.000000 0.000000 0.000000 0.000000 0.000000 0.000000 0.000000 0.000000 0.000000 0.000000 -0.229416 0.000000 0.000000 0.000000 0.000000 0.000000 0.000000 0.000000 0.000000 0.000000 -0.045883 -0.091766 0.000000 0.000000 0.000000 0.045883 0.000000 0.045883 0.000000 -0.045883 0.000000 0.137649 0.000000 0.000000 -0.045883 0.000000 0.000000 0.000000 0.000000 0.000000 0.000000 0.000000 0.000000 0.000000 0.000000 0.000000 0.000000 0.000000 0.000000 0.000000 0.000000 0.000000 0.000000 -0.045883 0.000000 0.000000 0.275299 0.000000 0.000000 0.000000 0.000000 0.000000 0.091766 0.000000 0.000000 0.000000 0.000000 0.000000 0.000000 0.000000 0.000000 0.000000 0.000000 0.000000 0.000000 0.000000 0.000000 -0.275299 0.000000 0.000000 0.000000 0.000000 0.000000 0.000000 -0.045883 0.000000 0.000000 -0.091766 0.000000 0.045883 0.000000 0.000000 0.045883 0.000000 0.000000 0.000000 0.000000 0.000000 0.000000 0.000000 0.045883 0.000000 0.000000 0.000000 0.000000 0.000000 0.000000 0.000000 0.000000 0.000000 0.000000 0.000000 0.000000 0.000000 0.000000 0.000000 0.000000 0.000000 0.000000 0.000000 0.000000 -0.137649 0.000000 0.000000 0.000000 -0.229416 0.000000 0.000000 0.000000 0.000000 0.000000 0.000000 0.000000 0.000000 0.000000 0.000000 0.000000 0.000000 0.000000 0.000000 0.000000 0.000000 0.000000 0.000000 0.000000 0.000000 -0.045883 0.000000 0.000000 0.000000 0.000000 0.000000 0.000000 0.000000 0.000000 0.045883 0.000000 0.000000 -0.367065 0.000000 -0.137649 0.000000 0.000000 0.000000 0.000000 0.000000 0.000000 -0.045883 0.000000 0.000000 0.000000 0.000000 0.000000 0.367065 0.000000 0.000000 0.000000 0.000000 0.000000 0.000000 0.000000 0.000000 0.000000 0.000000 0.045883 0.000000 0.000000 0.000000 0.045883 -0.045883 0.000000 0.000000 0.000000 0.000000 0.000000 0.000000 0.000000 0.000000 0.000000 0.000000 0.000000 -0.183533 0.000000 -0.183533 0.000000 0.000000 0.000000 0.000000 0.000000 0.000000 0.000000 0.000000 0.091766 0.045883 0.045883 0.000000 0.000000 0.000000 0.000000 0.000000 0.000000 0.000000 0.000000 0.045883 0.000000 0.000000 0.000000 0.000000 0.000000 0.045883 0.000000 0.000000 0.000000 0.000000 0.000000 0.000000 0.000000 0.000000 0.045883 0.000000 0.000000 -0.045883 0.000000 0.000000 0.000000 0.045883 0.000000 0.000000 0.091766 0.000000 0.000000 0.137649 0.000000 0.000000 0.000000 -0.045883 0.000000 0.000000 0.000000 0.000000 0.000000 0.000000 -0.045883 0.000000 0.091766 -0.091766 0.045883 0.000000 0.045883 0.367065 0.000000 0.000000 -0.091766 0.000000 0.000000 0.000000 0.000000 0.000000 0.000000 0.000000 0.000000 0.000000 0.000000 0.000000 0.000000 0.000000 0.000000 0.000000 0.000000 0.000000 -0.045883 0.000000 0.000000 0.000000 0.045883 0.000000 0.000000 0.000000 0.000000 0.000000 0.000000 0.000000 0.000000 0.045883 0.000000 0.000000 0.000000 0.000000 0.000000 0.045883 0.000000 0.000000 0.000000 0.000000 0.000000 -0.045883 0.045883 0.000000 0.000000 0.000000 0.000000 0.000000 -0.045883 0.091766 0.000000 -0.091766 0.000000 0.000000 0.000000 -0.045883 0.000000 0.000000 0.000000 -0.045883 0.000000 -0.045883 0.000000 -0.091766 0.000000 -0.091766 0.000000 -0.091766 0.000000 0.000000 0.000000 0.000000 0.000000 0.000000 0.000000 0.045883 0.000000 0.000000 0.000000 0.000000 -0.045883 0.000000 0.000000 0.000000 0.000000 0.000000 0.000000 0.000000 0.000000 0.000000
8,Take five deep breaths before you respond in a conflict — express what you need instead of blaming.,Interpersonal,0.85,"communication,cognitive",0.3,cognitive,0.000000 0.000000 0.000000 0.000000 0.000000 -0.040589 0.000000 0.000000 0.000000 0.000000 0.000000 0.000000 0.000000 0.000000 0.000000 0.081177 0.000000 0.000000 0.000000 0.040589 -0.081177 0.000000 0.000000 0.000000 0.000000 0.000000 0.000000 -0.040589 0.000000 0.000000 -0.202944 0.000000 0.000000 0.081177 0.000000 0.000000 0.000000 0.000000 0.000000 0.000000 0.000000 -0.040589 0.000000 0.040589 0.000000 0.202944 0.000000 0.040589 0.000000 -0.162355 0.000000 0.081177 0.000000 0.000000 0.040589 0.000000 0.000000 0.000000 0.000000 0.000000 0.000000 0.000000 0.000000 0.000000 0.000000 0.000000 0.000000 -0.081177 0.000000 0.000000 0.000000 0.000000 0.000000 0.000000 0.000000 0.000000 0.324710 0.000000 0.000000 0.000000 0.000000 0.000000 0.000000 0.000000 0.000000 0.000000 0.000000 0.000000 0.000000 0.000000 0.000000 0.000000 -0.040589 0.000000 0.000000 0.000000 0.000000 -0.284121 0.000000 0.000000 0.081177 0.000000 0.000000 0.000000 0.000000 0.000000 0.000000 0.000000 0.000000 0.000000 0.000000 0.000000 0.000000 0.000000 -0.081177 0.000000 0.040589 0.000000 0.000000 0.000000 0.040589 0.000000 0.000000 0.000000 0.000000 -0.040589 0.000000 0.000000 0.000000 0.000000 0.000000 0.000000 -0.040589 0.000000 0.000000 0.000000 -0.040589 0.000000 0.000000 0.000000 -0.040589 -0.040589 0.000000 0.000000 0.000000 -0.081177 0.000000 0.000000 0.000000 0.000000 0.000000 0.000000 0.000000 0.000000 0.000000 0.000000 -0.040589 0.000000 0.000000 0.000000 0.000000 0.000000 0.000000 0.000000 0.000000 0.000000 0.000000 0.000000 0.000000 0.000000 0.000000 0.000000 0.000000 0.000000 0.000000 0.000000 0.000000 0.000000 -0.527654 0.000000 -0.202944 0.162355 0.000000 0.000000 0.000000 0.000000 0.000000 0.000000 0.000000 0.000000 0.000000 0.000000 0.000000 0.202944 0.000000 0.000000 0.040589 0.000000 0.000000 0.000000 0.000000 0.000000 -0.040589 0.000000 0.000000 0.000000 0.000000 0.000000 0.000000 -0.081177 0.000000 0.000000 0.000000 0.000000 0.000000 0.040589 0.000000 0.000000 0.000000 0.000000 0.000000 -0.040589 0.000000 -0.121766 0.000000 -0.040589 0.040589 0.000000 0.000000 0.000000 0.000000 0.000000 0.040589 0.000000 0.000000 0.000000 0.000000 0.000000 0.000000 0.040589 0.000000 0.000000 0.000000 0.000000 0.000000 0.000000 0.000000 0.000000 0.000000 0.000000 -0.121766 0.040589 0.000000 -0.040589 -0.040589 0.000000 0.000000 0.000000 0.000000 0.000000 0.000000 0.000000 0.000000 0.000000 0.000000 0.000000 0.000000 0.000000 0.081177 0.000000 0.000000 0.121766 0.000000 0.000000 0.000000 -0.040589 0.000000 0.000000 0.000000 0.000000 0.000000 0.000000 0.000000 -0.040589 0.081177 -0.162355 0.040589 0.000000 0.000000 0.243532 0.000000 0.000000 0.000000 0.000000 0.040589 0.000000 0.000000 0.000000 0.000000 0.000000 0.000000 0.000000 0.000000 0.000000 0.000000 0.000000 0.000000 0.081177 0.000000 0.000000 -0.040589 0.000000 0.000000 0.040589 0.000000 0.000000 0.000000 0.000000 0.000000 -0.040589 0.000000 0.000000 0.000000 0.040589 0.000000 0.040589 0.040589 0.000000 0.000000 0.000000 0.000000 0.000000 0.000000 0.000000 0.000000 0.000000 0.081177 0.000000 0.000000 0.000000 0.040589 0.000000 0.000000 0.000000 0.000000 0.000000 0.000000 0.000000 0.000000 -0.081177 0.000000 0.000000 0.000000 0.000000 0.000000 0.000000 -0.040589 0.000000 0.000000 -0.162355 0.000000 -0.040589 0.000000 0.000000 0.000000 0.040589 0.000000 0.000000 0.000000 0.000000 0.000000 0.000000 0.000000 0.000000 -0.040589 0.000000 0.000000 0.000000 0.000000 0.000000 0.000000 0.000000 0.000000 0.000000
9,Thirty minutes of movement releases endorphins that are nature's mood boosters.,Emotional_Health,0.9,"exercise,lifestyle",0.4,lifestyle,0.000000 -0.043811 0.000000 0.000000 0.000000 0.000000 0.000000 0.000000 0.000000 0.000000 0.000000 0.000000 0.000000 0.000000 0.000000 0.000000 0.043811 -0.043811 0.000000 0.000000 -0.087622 0.000000 0.000000 0.000000 0.000000 0.000000 0.000000 -0.175243 0.000000 0.000000 -0.350486 0.000000 -0.043811 0.000000 0.000000 0.000000 0.000000 0.000000 0.000000 0.000000 0.000000 0.000000 0.000000 0.000000 0.000000 0.087622 0.000000 0.000000 0.000000 -0.262865 0.000000 0.000000 0.000000 0.000000 -0.043811 0.000000 0.000000 0.000000 0.000000 0.043811 0.000000 0.000000 0.000000 0.000000 0.000000 0.000000 0.000000 0.000000 0.000000 0.000000 0.000000 0.000000 0.000000 0.000000 0.000000 0.000000 0.438108 0.000000 0.000000 0.000000 0.000000 0.043811 0.000000 0.000000 0.000000 0.000000 0.000000 0.000000 0.000000 0.000000 0.000000 0.000000 0.000000 0.000000 0.000000 0.000000 -0.043811 -0.219054 0.000000 0.000000 0.000000 0.000000 0.000000 0.000000 0.000000 0.000000 0.000000 0.000000 0.000000 0.043811 0.000000 0.000000 0.000000 0.000000 -0.043811 0.000000 0.000000 0.000000 0.000000 0.000000 0.000000 0.000000 0.000000 0.000000 0.000000 -0.043811 0.000000 0.000000 0.000000 0.000000 0.000000 0.000000 0.000000 0.000000 0.000000 0.000000 0.000000 0.000000 0.000000 0.000000 0.000000 0.000000 0.000000 0.000000 0.000000 -0.131432 0.000000 0.000000 0.000000 0.000000 0.000000 0.000000 0.000000 0.000000 0.000000 0.000000 0.000000 -0.043811 0.000000 0.000000 0.000000 0.000000 0.000000 0.000000 0.000000 0.000000 -0.043811 0.000000 0.000000 0.000000 0.000000 0.000000 -0.043811 0.000000 0.000000 0.000000 0.000000 0.043811 -0.438108 0.000000 -0.306676 0.131432 0.000000 0.000000 0.000000 0.000000 0.000000 -0.131432 0.000000 0.000000 0.000000 0.000000 0.000000 0.131432 0.000000 0.000000 0.000000 0.000000 0.000000 0.000000 0.000000 0.000000 0.000000 0.000000 0.000000 0.000000 0.000000 0.000000 0.000000 0.000000 0.000000 0.000000 0.000000 0.000000 0.000000 0.000000 0.000000 0.000000 0.000000 0.000000 0.000000 0.000000 0.000000 -0.087622 0.000000 -0.087622 -0.043811 0.000000 0.000000 0.000000 0.000000 0.000000 0.000000 0.000000 0.000000 0.000000 0.000000 0.000000 0.000000 0.000000 -0.043811 0.000000 0.000000 0.000000 0.000000 0.000000 0.000000 0.000000 0.000000 0.000000 -0.043811 0.000000 0.000000 0.000000 0.000000 0.000000 0.000000 0.000000 0.000000 0.000000 0.000000 0.000000 0.000000 -0.043811 0.000000 -0.043811 0.000000 0.000000 0.000000 0.000000 0.000000 0.043811 0.000000 0.000000 0.000000 -0.043811 0.000000 0.000000 0.000000 0.000000 0.000000 0.000000 0.000000 0.043811 0.043811 -0.043811 -0.043811 0.000000 0.000000 0.219054 0.000000 0.000000 -0.043811 0.000000 0.000000 -0.087622 0.000000 0.000000 0.000000 0.000000 -0.043811 0.000000 0.000000 0.000000 0.000000 0.000000 0.000000 0.000000 0.000000 0.000000 0.000000 0.000000 0.000000 0.000000 0.000000 0.000000 0.000000 0.000000 0.000000 -0.043811 0.000000 0.000000 0.000000 0.000000 0.000000 0.000000 0.000000 0.000000 0.000000 0.043811 0.000000 0.000000 0.000000 0.000000 0.000000 0.000000 -0.043811 0.000000 0.000000 0.000000 0.000000 0.000000 0.000000 0.131432 0.000000 0.000000 0.000000 0.000000 0.000000 -0.043811 0.043811 0.000000 0.000000 0.000000 0.000000 0.000000 -0.043811 0.000000 0.000000 -0.043811 0.000000 -0.043811 -0.043811 0.000000 0.000000 0.000000 0.000000 0.000000 -0.043811 0.000000 0.000000 0.000000 0.000000 0.000000 -0.043811 0.000000 0.000000 0.000000 0.000000 0.000000 0.000000 0.000000 0.043811 -0.043811
10,"If you've felt low for two weeks straight, consider booking a session at your school's counseling center.",Emotional_Health,0.95,"professional,healing",0.2,healing,0.000000 -0.073771 0.000000 0.036886 0.000000 0.000000 0.000000 0.000000 0.000000 0.000000 0.000000 0.000000 0.000000 0.000000 0.036886 0.000000 0.073771 -0.036886 0.000000 0.000000 -0.036886 0.000000 0.000000 0.000000 0.000000 0.000000 0.000000 0.000000 0.000000 0.000000 -0.221313 0.000000 0.000000 -0.036886 0.000000 0.000000 0.000000 -0.036886 0.000000 0.000000 0.000000 0.000000 0.000000 0.073771 0.000000 0.036886 0.000000 0.000000 0.000000 -0.184428 0.000000 0.147542 0.000000 0.000000 -0.073771 0.000000 0.000000 0.000000 0.000000 0.000000 0.000000 0.000000 0.000000 0.000000 0.000000 0.000000 0.036886 0.000000 0.000000 0.000000 0.000000 0.000000 0.000000 0.000000 0.000000 0.000000 0.553283 0.000000 0.000000 0.000000 0.000000 0.036886 0.000000 0.000000 0.000000 0.000000 0.000000 0.000000 0.000000 0.000000 0.000000 0.000000 0.000000 0.000000 0.000000 0.000000 0.000000 -0.184428 0.000000 0.036886 0.000000 0.000000 0.000000 0.000000 0.000000 0.000000 0.000000 0.000000 0.000000 0.000000 0.000000 0.000000 0.000000 0.000000 -0.073771 0.000000 0.000000 0.000000 0.000000 0.000000 0.036886 0.000000 0.000000 0.000000 -0.036886 0.000000 0.000000 0.000000 0.000000 0.000000 0.000000 0.110657 -0.073771 0.000000 0.000000 0.036886 -0.036886 0.000000 0.000000 0.000000 0.000000 -0.036886 0.000000 0.000000 0.000000 -0.073771 0.000000 0.000000 0.000000 0.000000 0.000000 0.000000 0.000000 0.000000 0.000000 0.000000 0.000000 0.000000 0.000000 0.000000 0.000000 0.000000 0.000000 0.000000 0.000000 0.000000 0.000000 0.000000 0.036886 0.000000 0.000000 0.000000 0.000000 0.000000 0.000000 0.000000 0.000000 0.036886 -0.331970 0.000000 -0.331970 0.000000 0.000000 0.000000 0.000000 0.000000 0.000000 -0.036886 0.000000 -0.036886 0.000000 0.000000 0.000000 0.221313 0.000000 0.000000 0.000000 0.000000 0.000000 0.000000 0.000000 0.000000 0.000000 0.000000 0.036886 0.000000 0.000000 0.000000 0.000000 -0.073771 0.000000 0.036886 0.000000 0.000000 0.000000 0.000000 0.000000 0.000000 0.000000 0.000000 0.036886 -0.147542 0.000000 -0.073771 0.000000 -0.036886 0.000000 0.000000 0.000000 0.000000 0.000000 0.000000 0.110657 0.000000 0.000000 0.000000 0.000000 0.000000 0.000000 0.000000 0.000000 0.000000 0.000000 0.073771 0.000000 0.000000 -0.036886 0.000000 0.000000 -0.073771 0.000000 0.000000 0.000000 -0.036886 0.000000 0.036886 0.000000 0.000000 0.000000 0.000000 0.000000 0.000000 0.000000 -0.036886 0.000000 0.073771 0.000000 0.000000 0.110657 0.000000 0.000000 0.000000 0.000000 0.000000 0.036886 0.000000 0.000000 0.000000 0.000000 0.000000 0.000000 0.000000 0.036886 0.000000 0.000000 -0.036886 0.000000 0.000000 0.000000 0.221313 0.036886 0.000000 0.000000 0.000000 0.000000 -0.073771 0.000000 0.000000 0.000000 0.000000 0.000000 0.000000 0.000000 0.000000 0.000000 0.000000 0.000000 0.147542 0.000000 -0.036886 0.000000 0.000000 0.000000 0.000000 0.000000 0.000000 0.000000 0.000000 0.036886 0.000000 0.000000 0.036886 0.000000 0.000000 0.000000 0.000000 0.000000 0.000000 0.000000 0.073771 0.000000 0.000000 0.000000 0.000000 0.000000 0.000000 0.073771 0.000000 0.000000 0.000000 0.000000 0.000000 0.036886 0.036886 0.000000 -0.073771 0.000000 0.000000 0.000000 -0.073771 0.000000 0.000000 0.000000 0.000000 0.000000 0.000000 0.000000 0.000000 0.000000 -0.073771 0.000000 -0.073771 0.000000 0.000000 0.000000 0.000000 0.000000 0.000000 0.000000 0.036886 0.000000 0.000000 0.000000 0.000000 0.000000 0.000000 0.000000 0.000000 0.000000 0.000000 0.000000 0.000000 0.036886 -0.036886
11,Give yourself permission to rest — not every minute has to be productive.,Emotional_Health,0.85,"self_care,relaxation",0.1,relaxation,0.000000 -0.051367 0.000000 0.000000 0.000000 0.000000 0.000000 0.000000 0.000000 0.000000 0.000000 0.000000 0.000000 0.000000 0.000000 0.000000 0.102733 -0.051367 0.000000 0.000000 -0.051367 0.000000 0.000000 0.000000 -0.051367 0.000000 0.000000 -0.102733 0.000000 0.000000 -0.308199 0.000000 0.000000 -0.051367 0.000000 0.000000 0.000000 0.000000 0.000000 0.000000 0.000000 -0.051367 0.154100 0.000000 0.000000 0.000000 0.000000 0.051367 0.000000 -0.154100 0.000000 0.051367 0.000000 0.000000 0.000000 0.000000 0.000000 0.000000 0.000000 0.051367 0.000000 0.000000 0.000000 0.000000 0.000000 0.000000 0.000000 0.000000 0.000000 0.000000 0.000000 0.051367 0.000000 0.000000 0.000000 0.051367 0.513665 0.000000 0.000000 0.000000 0.000000 0.051367 0.000000 0.000000 0.000000 0.000000 0.000000 0.000000 0.000000 0.000000 0.000000 0.000000 0.000000 0.000000 0.000000 0.000000 0.000000 0.000000 0.000000 0.000000 0.000000 0.000000 0.000000 0.000000 0.000000 0.000000 0.000000 0.000000 0.000000 0.051367 0.000000 0.000000 0.000000 0.000000 0.000000 0.000000 0.000000 0.000000 0.000000 0.000000 0.000000 0.000000 0.000000 0.051367 0.051367 -0.102733 0.000000 0.000000 0.051367 0.000000 0.000000 0.051367 -0.051367 0.000000 0.000000 0.000000 0.000000 0.000000 0.000000 0.000000 0.000000 0.000000 0.000000 0.000000 0.000000 -0.051367 0.000000 0.051367 0.000000 0.000000 0.000000 0.000000 0.000000 0.000000 -0.051367 0.000000 0.000000 -0.051367 0.000000 0.000000 0.000000 0.000000 0.000000 0.000000 0.000000 0.000000 0.000000 0.000000 0.000000 0.000000 0.000000 0.000000 0.000000 0.000000 0.000000 0.000000 0.000000 0.000000 -0.462299 0.000000 -0.256833 0.051367 0.000000 0.000000 0.000000 0.000000 0.000000 -0.102733 0.000000 0.000000 0.051367 0.000000 0.000000 0.256833 0.000000 0.000000 0.000000 0.000000 0.000000 0.000000 0.000000 0.000000 -0.051367 0.000000 0.000000 0.000000 0.000000 0.000000 0.000000 -0.051367 0.000000 0.000000 0.000000 0.000000 0.000000 0.000000 -0.051367 0.000000 0.000000 0.000000 0.000000 -0.051367 0.000000 -0.051367 0.000000 -0.102733 0.000000 0.000000 0.000000 0.000000 0.000000 0.000000 0.000000 0.051367 0.000000 0.000000 0.000000 0.000000 0.000000 0.000000 0.000000 0.000000 0.000000 0.000000 0.000000 0.000000 0.051367 0.000000 0.000000 0.000000 -0.102733 0.000000 0.051367 0.000000 -0.051367 0.051367 0.000000 0.000000 0.000000 0.000000 0.000000 0.000000 0.000000 0.000000 0.000000 0.000000 0.000000 0.000000 0.051367 0.000000 0.000000 0.051367 0.000000 0.000000 0.000000 -0.051367 0.000000 0.000000 0.000000 0.000000 0.000000 0.000000 0.000000 0.000000 0.051367 -0.051367 -0.154100 0.000000 0.000000 0.154100 0.000000 0.000000 0.000000 0.000000 0.000000 0.000000 0.000000 0.000000 0.000000 0.000000 0.000000 0.000000 0.000000 0.000000 0.000000 0.000000 0.000000 0.051367 0.000000 0.000000 0.000000 0.000000 0.000000 0.000000 0.000000 0.000000 0.000000 0.000000 0.000000 0.000000 0.000000 0.051367 0.000000 0.000000 0.000000 0.102733 0.000000 0.000000 0.000000 0.000000 0.000000 0.000000 0.000000 0.000000 0.000000 0.000000 0.000000 0.000000 0.000000 0.000000 0.000000 0.000000 -0.051367 0.000000 0.000000 0.000000 0.000000 0.000000 0.000000 -0.102733 0.000000 0.000000 0.000000 0.000000 0.000000 0.000000 0.000000 0.000000 0.000000 -0.051367 0.000000 0.000000 0.000000 0.000000 0.000000 0.000000 0.000000 0.000000 0.000000 0.000000 0.000000 0.000000 0.000000 0.000000 0.000000 0.000000 0.000000 0.000000 0.000000 0.000000 0.000000 0.000000 0.051367 0.000000
12,Put your phone away an hour before bed and soak your feet in warm water to help you drift off.,Sleep_Disorder,0.8,"sleep,relaxation",0.1,relaxation,0.000000 -0.041631 0.000000 0.041631 0.000000 0.000000 0.000000 0.000000 0.000000 0.000000 0.000000 0.000000 0.000000 0.000000 0.000000 0.000000 0.041631 0.000000 0.000000 0.000000 0.000000 0.000000 0.000000 0.000000 0.000000 0.000000 0.000000 -0.041631 0.000000 0.000000 -0.208153 0.000000 -0.041631 0.041631 0.000000 0.000000 0.000000 0.000000 0.000000 0.000000 -0.041631 -0.083261 0.000000 0.000000 0.000000 0.124892 0.000000 0.000000 0.000000 -0.208153 0.000000 0.041631 0.000000 0.000000 0.041631 0.000000 0.000000 0.000000 0.000000 0.000000 0.000000 0.000000 0.000000 0.000000 0.000000 0.000000 0.000000 -0.041631 0.000000 0.000000 0.000000 0.000000 0.000000 -0.041631 0.000000 0.000000 0.582828 0.000000 0.000000 0.000000 0.000000 0.000000 0.000000 0.000000 0.000000 0.000000 0.000000 0.000000 -0.041631 0.000000 0.000000 0.000000 0.000000 0.000000 0.000000 0.000000 0.000000 -0.291414 0.000000 0.041631 0.000000 0.000000 0.000000 0.000000 -0.083261 0.000000 0.000000 0.000000 0.000000 0.041631 -0.041631 0.000000 0.000000 0.000000 -0.083261 0.000000 0.000000 0.000000 0.000000 0.000000 0.000000 0.000000 0.000000 0.000000 0.041631 0.000000 0.000000 0.000000 0.000000 0.000000 0.000000 0.000000 0.000000 0.000000 0.000000 0.041631 0.000000 0.000000 0.000000 0.000000 0.000000 0.000000 0.000000 0.000000 0.041631 -0.124892 0.000000 0.000000 0.000000 0.000000 0.000000 0.000000 0.000000 0.000000 0.000000 0.000000 0.000000 0.000000 0.000000 0.000000 0.000000 0.000000 0.000000 0.000000 0.000000 0.000000 -0.041631 0.000000 0.000000 0.000000 0.000000 0.000000 0.000000 0.000000 0.000000 0.041631 0.000000 0.000000 -0.333044 0.000000 -0.041631 0.041631 0.000000 0.000000 0.000000 0.000000 0.000000 0.000000 0.000000 0.000000 0.000000 0.000000 0.000000 0.083261 0.000000 0.000000 0.000000 0.000000 -0.041631 0.000000 0.000000 0.000000 0.000000 0.000000 0.000000 -0.041631 -0.041631 0.000000 0.041631 -0.124892 0.000000 0.000000 0.000000 0.000000 0.000000 0.000000 0.000000 0.000000 0.000000 0.000000 0.000000 0.000000 0.000000 -0.041631 0.000000 -0.041631 -0.083261 0.000000 0.000000 0.000000 0.124892 0.000000 0.124892 0.000000 0.000000 0.000000 0.000000 0.000000 0.000000 0.000000 0.000000 0.000000 0.000000 0.041631 0.000000 0.000000 0.000000 0.000000 0.000000 0.000000 -0.124892 0.000000 0.041631 0.000000 0.000000 0.000000 0.000000 0.000000 0.041631 0.000000 0.000000 0.000000 0.000000 -0.041631 0.000000 0.000000 0.000000 0.000000 0.166522 -0.041631 0.000000 0.083261 0.000000 0.000000 0.000000 0.000000 0.000000 0.000000 0.000000 0.000000 0.000000 0.000000 0.000000 -0.041631 0.041631 -0.083261 0.041631 0.000000 0.000000 0.166522 0.000000 0.000000 -0.041631 0.000000 0.000000 0.000000 0.000000 0.000000 0.000000 0.000000 0.000000 0.000000 0.000000 0.000000 0.000000 -0.041631 0.000000 0.000000 0.000000 -0.083261 0.000000 0.000000 0.000000 0.000000 0.000000 0.000000 0.041631 0.000000 0.000000 0.000000 0.000000 0.000000 0.000000 0.000000 0.000000 -0.041631 0.083261 0.000000 0.000000 0.000000 0.000000 0.000000 0.000000 0.000000 0.000000 0.000000 0.041631 0.000000 0.000000 0.000000 0.041631 0.000000 0.000000 0.000000 0.000000 0.000000 0.000000 0.000000 0.000000 -0.166522 0.000000 0.000000 0.000000 0.000000 0.000000 0.000000 -0.041631 0.000000 0.000000 -0.208153 0.000000 -0.041631 0.000000 0.000000 0.000000 0.000000 0.000000 0.000000 -0.041631 0.000000 0.000000 0.000000 0.000000 0.000000 -0.041631 0.000000 0.000000 0.000000 0.000000 0.000000 0.000000 0.000000 0.124892 0.000000
13,Write down your job-search worries and break them into three small things you can do tomorrow.,Career_Future,0.8,"planning,cognitive",0.3,cognitive,0.000000 0.000000 0.000000 0.000000 0.000000 0.000000 0.000000 0.000000 0.000000 0.000000 0.000000 0.000000 0.000000 0.000000 0.000000 0.000000 0.000000 -0.041204 0.000000 0.000000 -0.082409 0.000000 0.000000 0.000000 0.000000 0.000000 0.000000 -0.123613 0.000000 0.000000 -0.247226 0.000000 0.000000 -0.041204 0.000000 0.000000 0.000000 -0.041204 0.000000 0.000000 0.000000 0.000000 -0.041204 0.000000 0.000000 0.082409 0.000000 0.000000 0.000000 -0.288430 0.000000 0.082409 0.000000 0.000000 0.041204 0.000000 0.000000 0.000000 0.041204 0.000000 0.000000 0.000000 0.000000 0.000000 -0.041204 0.000000 0.000000 0.000000 0.000000 0.000000 0.000000 0.000000 0.000000 -0.082409 0.000000 0.000000 0.576860 0.000000 0.000000 0.000000 0.000000 0.000000 0.000000 0.000000 0.000000 0.000000 0.000000 0.000000 0.000000 0.000000 0.000000 0.000000 0.000000 0.000000 0.041204 0.000000 0.000000 -0.206021 0.000000 0.000000 0.000000 0.000000 0.000000 0.000000 -0.082409 0.000000 0.000000 0.000000 0.000000 0.000000 0.000000 0.000000 0.041204 0.000000 0.000000 0.000000 0.000000 -0.041204 0.000000 0.000000 0.041204 0.000000 0.000000 0.000000 0.000000 -0.041204 -0.041204 0.000000 0.000000 0.000000 0.000000 0.041204 0.000000 0.000000 0.000000 0.000000 0.000000 0.000000 0.000000 0.000000 0.000000 -0.041204 0.000000 0.000000 0.000000 -0.164817 0.000000 0.082409 0.000000 0.041204 0.000000 0.000000 0.000000 0.000000 0.000000 0.000000 0.000000 0.000000 0.000000 0.000000 0.000000 0.000000 0.000000 0.000000 0.000000 0.000000 -0.041204 0.000000 0.000000 0.000000 0.000000 0.000000 0.000000 0.000000 0.000000 0.000000 0.000000 0.000000 -0.288430 0.000000 -0.164817 0.082409 0.000000 0.000000 0.000000 0.000000 0.000000 0.082409 0.000000 0.000000 0.000000 0.000000 0.000000 0.164817 0.000000 0.041204 0.041204 0.000000 0.000000 0.000000 0.000000 0.000000 0.000000 0.000000 0.000000 0.000000 -0.082409 0.000000 0.000000 -0.082409 0.000000 0.000000 0.000000 0.000000 0.000000 0.000000 0.000000 0.000000 0.000000 0.000000 0.041204 -0.041204 0.000000 -0.082409 0.000000 -0.041204 0.000000 0.000000 0.000000 0.000000 0.000000 0.000000 0.164817 0.000000 0.041204 0.000000 0.000000 0.000000 0.000000 0.000000 -0.041204 0.000000 0.000000 0.041204 0.000000 0.000000 0.041204 0.000000 0.000000 -0.082409 0.000000 0.000000 0.000000 0.000000 0.000000 0.000000 0.000000 -0.041204 0.000000 0.000000 0.000000 0.000000 0.000000 0.000000 0.000000 -0.041204 0.000000 0.000000 0.082409 0.000000 0.000000 0.082409 0.000000 0.000000 0.000000 0.000000 0.000000 0.000000 0.000000 0.000000 0.000000 0.000000 0.000000 -0.041204 0.123613 -0.082409 0.041204 0.000000 0.000000 0.247226 0.000000 0.000000 -0.041204 0.000000 0.000000 0.000000 0.000000 0.000000 0.000000 0.000000 -0.041204 0.000000 0.000000 0.000000 0.000000 0.000000 0.000000 0.082409 0.000000 0.000000 0.000000 0.000000 0.000000 0.000000 0.000000 0.000000 0.000000 0.000000 0.000000 -0.082409 0.000000 0.000000 0.000000 0.000000 0.000000 0.000000 0.000000 0.000000 0.000000 -0.041204 0.000000 0.000000 0.000000 0.000000 -0.041204 0.000000 0.000000 0.000000 0.000000 0.041204 0.000000 0.000000 0.000000 0.000000 0.000000 0.000000 0.000000 0.000000 0.000000 -0.082409 -0.041204 0.000000 0.000000 -0.041204 0.000000 0.000000 0.000000 -0.041204 0.000000 0.000000 0.000000 0.000000 0.000000 0.000000 0.000000 0.000000 0.000000 -0.041204 0.000000 0.000000 0.000000 0.000000 0.000000 0.000000 -0.082409 0.000000 0.000000 0.000000 0.000000 0.000000 0.000000 0.000000 0.041204 0.000000
14,Be honest with your family about how you feel — it's easier than keeping it bottled up.,Family,0.8,"communication,healing",0.3,healing,0.000000 -0.045980 0.000000 0.000000 0.000000 0.000000 0.000000 0.000000 0.000000 0.000000 0.000000 0.000000 0.000000 0.000000 0.000000 0.000000 0.045980 0.045980 0.000000 0.000000 -0.045980 0.000000 0.000000 0.000000 0.000000 0.000000 0.000000 -0.045980 0.000000 0.000000 -0.367840 0.000000 0.000000 -0.045980 0.000000 0.045980 0.000000 0.000000 0.000000 0.000000 0.000000 -0.045980 0.000000 0.000000 0.045980 0.045980 -0.045980 0.045980 0.000000 -0.091960 0.000000 0.137940 0.000000 0.000000 -0.091960 0.000000 0.000000 0.000000 0.000000 0.000000 0.000000 0.000000 0.000000 0.000000 0.000000 0.000000 0.000000 0.000000 0.000000 0.000000 0.000000 0.000000 0.000000 0.000000 0.000000 0.000000 0.459800 0.000000 0.000000 0.000000 0.000000 0.000000 0.000000 0.000000 0.000000 0.000000 -0.045980 0.000000 0.000000 0.000000 0.000000 0.000000 0.000000 0.000000 0.000000 0.000000 0.000000 -0.183920 0.000000 0.000000 0.000000 -0.045980 0.000000 0.000000 -0.045980 0.000000 0.000000 0.000000 0.000000 0.045980 0.000000 0.000000 0.137940 0.000000 0.000000 0.000000 0.000000 0.000000 0.000000 0.000000 0.000000 0.000000 0.000000 0.000000 0.000000 -0.045980 0.000000 0.000000 0.000000 0.000000 0.000000 0.045980 0.000000 0.000000 0.000000 0.045980 0.045980 0.000000 0.000000 0.000000 0.000000 -0.045980 0.000000 0.000000 0.000000 -0.183920 0.000000 0.045980 0.000000 0.000000 0.000000 0.000000 0.000000 0.000000 0.000000 0.000000 0.000000 0.000000 0.000000 0.000000 0.000000 0.000000 0.000000 -0.045980 0.000000 0.000000 0.000000 0.000000 0.000000 0.000000 0.000000 0.000000 0.000000 0.000000 0.000000 0.000000 0.000000 0.000000 -0.413820 0.000000 -0.137940 0.000000 0.000000 0.000000 0.000000 0.000000 0.000000 0.045980 0.000000 0.000000 0.045980 0.000000 0.000000 0.275880 0.000000 0.000000 0.000000 0.000000 0.000000 0.000000 0.000000 0.000000 0.000000 0.000000 0.000000 0.000000 0.000000 0.000000 0.000000 -0.091960 0.000000 0.000000 0.000000 0.000000 0.000000 0.000000 0.000000 0.000000 0.000000 0.000000 0.000000 -0.045980 0.000000 -0.045980 -0.045980 0.000000 0.000000 0.000000 0.000000 0.000000 0.000000 0.000000 0.091960 0.000000 0.000000 0.045980 0.000000 0.000000 0.000000 0.000000 0.000000 0.000000 0.000000 0.045980 -0.045980 0.000000 -0.045980 0.000000 0.000000 -0.045980 -0.091960 0.045980 0.000000 0.000000 0.000000 0.000000 0.000000 0.000000 0.000000 0.000000 0.000000 -0.045980 0.000000 -0.045980 0.000000 0.045980 -0.045980 0.000000 0.137940 0.000000 0.000000 0.137940 0.000000 0.000000 0.000000 -0.045980 -0.045980 0.000000 0.000000 0.000000 0.000000 0.000000 0.000000 0.045980 0.045980 -0.091960 0.091960 0.000000 0.045980 0.183920 0.000000 0.000000 0.000000 0.000000 0.000000 0.000000 0.000000 0.000000 0.000000 0.000000 0.000000 0.000000 0.000000 0.000000 0.000000 0.000000 0.000000 0.000000 0.000000 -0.091960 0.000000 0.000000 0.000000 0.000000 0.000000 0.000000 -0.045980 0.000000 0.000000 0.000000 0.000000 0.045980 0.000000 0.000000 0.000000 0.000000 0.045980 0.000000 0.000000 0.045980 0.000000 0.000000 0.000000 0.000000 0.000000 0.000000 0.045980 0.000000 0.000000 0.045980 0.000000 0.000000 -0.045980 0.000000 0.000000 0.000000 0.045980 0.000000 0.000000 -0.137940 0.000000 0.000000 0.000000 0.000000 0.000000 0.000000 0.000000 0.000000 0.000000 -0.091960 0.000000 0.000000 0.045980 0.000000 0.000000 0.000000 0.000000 0.000000 -0.045980 0.045980 0.000000 0.000000 0.000000 0.000000 0.000000 0.000000 0.000000 0.000000 0.000000 0.000000 0.000000 0.000000 0.000000 0.000000
